{"stats":{"minecraft:used":{"minecraft:sand":1},"minecraft:picked_up":{"minecraft:stick":3,"minecraft:sand":1},"minecraft:custom":{"minecraft:jump":38,"minecraft:time_since_rest":2569,"minecraft:crouch_one_cm":2,"minecraft:leave_game":3,"minecraft:play_time":2569,"minecraft:sprint_one_cm":4495,"minecraft:time_since_death":2569,"minecraft:walk_one_cm":475,"minecraft:sneak_time":19,"minecraft:total_world_time":2569,"minecraft:fall_one_cm":418,"minecraft:drop":3,"minecraft:fly_one_cm":3666},"minecraft:mined":{"minecraft:dead_bush":2,"minecraft:sand":1},"minecraft:dropped":{"minecraft:stick":3}},"DataVersion":3465}