{"stats":{"minecraft:mined":{"minecraft:dead_bush":2,"minecraft:sand":1},"minecraft:used":{"minecraft:sand":1},"minecraft:picked_up":{"minecraft:sand":1,"minecraft:stick":6},"minecraft:dropped":{"minecraft:stick":6},"minecraft:custom":{"minecraft:jump":45,"minecraft:time_since_rest":3599,"minecraft:crouch_one_cm":2,"minecraft:leave_game":6,"minecraft:sprint_one_cm":5991,"minecraft:play_time":3599,"minecraft:time_since_death":3599,"minecraft:walk_one_cm":669,"minecraft:sneak_time":19,"minecraft:total_world_time":3599,"minecraft:drop":4,"minecraft:fall_one_cm":418,"minecraft:fly_one_cm":4877}},"DataVersion":3465}