{"stats":{"minecraft:used":{"minecraft:sand":1},"minecraft:custom":{"minecraft:jump":45,"minecraft:time_since_rest":3206,"minecraft:crouch_one_cm":2,"minecraft:leave_game":5,"minecraft:play_time":3206,"minecraft:sprint_one_cm":5991,"minecraft:time_since_death":3206,"minecraft:walk_one_cm":605,"minecraft:sneak_time":19,"minecraft:total_world_time":3206,"minecraft:fall_one_cm":418,"minecraft:drop":3,"minecraft:fly_one_cm":4877},"minecraft:dropped":{"minecraft:stick":3},"minecraft:picked_up":{"minecraft:stick":6,"minecraft:sand":1},"minecraft:mined":{"minecraft:dead_bush":2,"minecraft:sand":1}},"DataVersion":3465}